{
  "n_traces": 200,
  "our_distributions": {
    "covalent_ratio_mean": 0.0795827319133766,
    "hydrogen_ratio_mean": 0.21865166099698388,
    "vdw_ratio_mean": 0.7017656070896394,
    "covalent_ratio_std": 0.05705282690902454,
    "hydrogen_ratio_std": 0.06029076025445013,
    "vdw_ratio_std": 0.10221849334969002
  },
  "bytedance_reported": {
    "covalent_ratio_mean": 0.45,
    "hydrogen_ratio_mean": 0.3,
    "vdw_ratio_mean": 0.25
  },
  "pearson_r": -0.8309,
  "pearson_p": 0.375645,
  "target_r": 0.8,
  "meets_target": false,
  "per_trace_stats": {
    "n_valid": 200,
    "avg_bonds_per_trace": 45762.05,
    "avg_steps_per_trace": 241.695
  }
}