{
  "n_traces": 200,
  "our_distributions": {
    "covalent_ratio_mean": 0.14370628081848788,
    "hydrogen_ratio_mean": 0.2015585374192071,
    "vdw_ratio_mean": 0.6547351817623049,
    "covalent_ratio_std": 0.08055254628139714,
    "hydrogen_ratio_std": 0.05537767518296535,
    "vdw_ratio_std": 0.10190695273182263
  },
  "bytedance_reported": {
    "covalent_ratio_mean": 0.45,
    "hydrogen_ratio_mean": 0.3,
    "vdw_ratio_mean": 0.25
  },
  "pearson_r": -0.7641,
  "pearson_p": 0.446323,
  "target_r": 0.8,
  "meets_target": false,
  "per_trace_stats": {
    "n_valid": 200,
    "avg_bonds_per_trace": 45762.05,
    "avg_steps_per_trace": 241.695
  }
}